{"data":{"cpu":{"multi":0.01999999996158297,"single":[0,0.03999999992549419]},"disk":{"free":31983222784,"total":42157305856,"used":8332124160},"disks":[{"device":"/dev/vda1","free":31983222784,"fstype":"ext4","mount":"/","percent":20.667375556940463,"total":42157305856,"used":8332124160}],"host":{"hostname":"VM-4-17-debian","uptime":521673,"bootTime":1742116089,"procs":112,"os":"linux","platform":"debian","platformFamily":"debian","platformVersion":"11.1","kernelVersion":"5.10.0-33-amd64","kernelArch":"x86_64","virtualizationSystem":"","virtualizationRole":"guest","hostid":"6fb9ed0e-7f1c-4ef5-a70c-67d169681fd9"},"mem":{"swap":{"total":1074786304,"used":233656320,"free":841129984,"usedPercent":21.739793215675366,"sin":46395392,"sout":309972992,"pgin":11359850496,"pgout":170333601792,"pgfault":3188853964800,"pgmajfault":122605568},"virtual":{"total":2065969152,"available":1058148352,"used":819220480,"usedPercent":39.65308384236707,"free":127913984,"active":674332672,"inactive":1087184896,"wired":0,"laundry":0,"buffers":200663040,"cached":918171648,"writeback":0,"dirty":114688,"writebacktmp":0,"shared":2318336,"slab":133414912,"sreclaimable":103202816,"sunreclaim":30212096,"pagetables":8253440,"swapcached":70160384,"commitlimit":2107768832,"committedas":2423644160,"hightotal":0,"highfree":0,"lowtotal":0,"lowfree":0,"swaptotal":1074786304,"swapfree":841129984,"mapped":195457024,"vmalloctotal":35184372087808,"vmallocused":15638528,"vmallocchunk":0,"hugepagestotal":0,"hugepagesfree":0,"hugepagesize":2097152}},"net":{"delta":{"in":1500,"out":2040},"devices":{"br-4b1c686559be":{"delta":{"in":0,"out":0},"total":{"in":0,"out":0}},"docker0":{"delta":{"in":0,"out":0},"total":{"in":0,"out":0}},"eth0":{"delta":{"in":1500,"out":2040},"total":{"in":2303374903,"out":880030157}},"lo":{"delta":{"in":0,"out":0},"total":{"in":18225398,"out":18225398}}},"total":{"in":2303374903,"out":880030157}},"walled":false},"success":true}